CORRECT     	EL_00218	Ehud Barak	Ehud Barak
CORRECT     	EL_00219	Ehud Barak	Ehud Barak
CORRECT     	EL_00220	Ehud Barak	Ehud Barak
CORRECT     	EL_00221	Ehud Barak	Ehud Barak
CORRECT     	EL_00222	Ehud Barak	Ehud Barak
CORRECT     	EL_01471	Norwich, Connecticut	Norwich, Connecticut
CORRECT     	EL_02103	Ty Pennington	Ty Pennington
CORRECT     	EL_01837	Shan	Shan State
CORRECT     	EL_01973	Surrey, Canada	Surrey, British Columbia
WRONG KB ID 	EL_00797	Halifax, Nova Scotia	City of Halifax
CORRECT     	EL_00798	Halifax, Nova Scotia	City of Halifax
CORRECT     	EL_00493	DMCA	Digital Millennium Copyright Act
CORRECT     	EL_01640	General Patton	George S. Patton
CORRECT     	EL_01641	George S. Patton	George S. Patton
CORRECT     	EL_01228	Ministry of Health	Ministry of Health (Singapore)
CORRECT     	EL_00736	Gaston, South Carolina	Gaston, South Carolina
EXP NIL     	EL_01032	Chris Kelly	Chris Kelly (ice hockey)
CORRECT     	EL_01808	Sandy, Oregon	Sandy, Oregon
CORRECT     	EL_01221	Economic Affairs	Ministry of Economic Affairs (Republic of China)
WRONG KB ID 	EL_01653	Peru	Lima
CORRECT     	EL_00125	Mahmoud Ahmedinejad	Mahmoud Ahmadinejad
CORRECT     	EL_01586	Ottawa, Canada	Ottawa
WRONG KB ID 	EL_02170	Writers Guild of America	Writers Guild of America, East
CORRECT     	EL_01104	Lazar	Lazar of Serbia
EXP NIL     	EL_00418	Chapainawabganj	Nawabganj District
WRONG KB ID 	EL_00934	Ireland	United Kingdom
WRONG KB ID 	EL_02182	Wales	United Kingdom
WRONG KB ID 	EL_00204	Bushies	John G. Roberts
CORRECT     	EL_00259	Bismarck, North Dakota	Bismarck, North Dakota
CORRECT     	EL_00260	Bismarck, North Dakota	Bismarck, North Dakota
EXP NIL     	EL_00156	Andy Crawford	Randy Crawford
CORRECT     	EL_01358	Mike Huckabee	Mike Huckabee
CORRECT     	EL_00169	Austria	Austria
CORRECT     	EL_00299	Edward W. Brooke	Edward Brooke
CORRECT     	EL_00693	GAC	Great American Country
CORRECT     	EL_01678	Jan Poulsen	Jan B. Poulsen
CORRECT     	EL_01835	Serres	Serres
CORRECT     	EL_00741	Gaylord, Michigan	Gaylord, Michigan
CORRECT     	EL_00742	Gaylord, Michigan	Gaylord, Michigan
CORRECT     	EL_01804	Lunenburg, Massachusetts	Lunenburg, Massachusetts
CORRECT     	EL_00102	John Adams	John Adams
CORRECT     	EL_01781	Syracuse, New York	Syracuse, New York
CORRECT     	EL_01782	Syracuse, New York	Syracuse, New York
WRONG KB ID 	EL_00855	Hobbs	Jack Hobbs
CORRECT     	EL_00257	Birmingham	Birmingham
CORRECT     	EL_01359	Mike Honda	Mike Honda
CORRECT     	EL_01043	Kingman, Arizona	Kingman, Arizona
CORRECT     	EL_00157	Anil Ambani	Anil Ambani
CORRECT     	EL_00857	Barbara Hogan	Barbara Hogan
EXP NIL     	EL_01429	NBC Entertainment	NBC
EXP NIL     	EL_01763	SBSM	Santa Maria Airport (Rio Grande do Sul)
EXP NIL     	EL_01764	SBSM	Santa Maria Airport (Rio Grande do Sul)
CORRECT     	EL_00267	Bloomfield, Connecticut	Bloomfield, Connecticut
CORRECT     	EL_01138	Litchfield, New Hampshire	Litchfield, New Hampshire
EXP NIL     	EL_01768	SJC	San Jose International Airport
EXP NIL     	EL_02215	Willy Loman	Death of a Salesman
CORRECT     	EL_01001	Juan Carlos	Juan Carlos I of Spain
CORRECT     	EL_00805	University of Hong Kong	University of Hong Kong
CORRECT     	EL_00166	Art Center College of Design	Art Center College of Design
CORRECT     	EL_01884	Sonoma, California	Sonoma, California
WRONG KB ID 	EL_00137	Albion	West Bromwich Albion F.C.
CORRECT     	EL_01603	Onion	The Onion
CORRECT     	EL_00145	Salvador Allende	Salvador Allende
CORRECT     	EL_00846	Hickory, North Carolina	Hickory, North Carolina
CORRECT     	EL_00311	Brownsville, Minnesota	Brownsville, Minnesota
WRONG KB ID 	EL_01668	Plattsburgh, New York	WPTZ
CORRECT     	EL_02194	Waynesboro, Virginia	Waynesboro, Virginia
CORRECT     	EL_02195	Waynesboro, Virginia	Waynesboro, Virginia
CORRECT     	EL_02198	Waynesboro, Virginia	Waynesboro, Virginia
CORRECT     	EL_01049	Lebanese Armed Forces	Lebanese Armed Forces
CORRECT     	EL_01050	Lebanese Armed Forces	Lebanese Armed Forces
CORRECT     	EL_01089	Lafayette, Colorado	Lafayette, Colorado
CORRECT     	EL_00340	CBS	CBS
CORRECT     	EL_01361	Millington, Tennessee	Millington, Tennessee
CORRECT     	EL_00592	Elizabeth Edwards	Elizabeth Edwards
CORRECT     	EL_01475	NSE	National Stock Exchange of India
CORRECT     	EL_00585	Easton, Pennsylvania	Easton, Pennsylvania
EXP NIL     	EL_00586	Ecco	ECCO
EXP NIL     	EL_00588	Ecco	ECCO
CORRECT     	EL_00435	Christchurch, New Zealand	Christchurch
WRONG KB ID 	EL_01873	Robin Soderling	Robin S.
WRONG KB ID 	EL_01874	Robin Soderling	Robin S.
WRONG KB ID 	EL_01875	Robin Soderling	Robin S.
CORRECT     	EL_02046	Telsim	Vodafone Turkey
CORRECT     	EL_01442	National Development and Reform Commission	National Development and Reform Commission
CORRECT     	EL_01443	National Development and Reform Commission	National Development and Reform Commission
CORRECT     	EL_01444	National Development and Reform Commission	National Development and Reform Commission
CORRECT     	EL_01445	National Development and Reform Commission	National Development and Reform Commission
CORRECT     	EL_01711	Burt Reynolds	Burt Reynolds
CORRECT     	EL_00959	Jacksonville, Oregon	Jacksonville, Oregon
CORRECT     	EL_02119	United National Party	United National Party
WRONG KB ID 	EL_01885	Sonora, Texas	Sonora, Texas
CORRECT     	EL_01098	Latics	Wigan Athletic F.C.
WRONG KB ID 	EL_01569	North High School	Davenport North High School
WRONG KB ID 	EL_01570	North High School	Davenport North High School
CORRECT     	EL_01175	Lunenburg, Nova Scotia	Lunenburg, Nova Scotia
EXP NIL     	EL_02184	Sidney Walker	Beau Jack
WRONG KB ID 	EL_00013	ABC	Ugly Betty
EXP NIL     	EL_01468	NICE	Nice
CORRECT     	EL_01113	Heath Ledger	Heath Ledger
CORRECT     	EL_01114	Ledger	Heath Ledger
CORRECT     	EL_01115	Heath Ledger	Heath Ledger
CORRECT     	EL_01116	Heath Ledger	Heath Ledger
CORRECT     	EL_01117	Heath Ledger	Heath Ledger
CORRECT     	EL_01118	Heath Ledger	Heath Ledger
CORRECT     	EL_01119	Heath Ledger	Heath Ledger
CORRECT     	EL_00171	Avalon, California	Avalon, California
CORRECT     	EL_01772	Springfield, Missouri	Springfield, Missouri
WRONG KB ID 	EL_00853	Hill	Hill Street Blues
CORRECT     	EL_00430	Chris Carney	Chris Carney
CORRECT     	EL_01669	Poland, Ohio	Poland, Ohio
CORRECT     	EL_01602	Olympia	Olympia, Greece
CORRECT     	EL_01892	Southfield, Michigan	Southfield, Michigan
CORRECT     	EL_02047	Templeton, Massachusetts	Templeton, Massachusetts
WRONG KB ID 	EL_00614	Essex	David Essex
CORRECT     	EL_01759	Santa Clara, Cuba	Santa Clara, Cuba
WRONG KB ID 	EL_02127	USAID	Egypt
CORRECT     	EL_01162	Lovell, Maine	Lovell, Maine
EXP NIL     	EL_01251	Madina	Medina
CORRECT     	EL_01476	NSG	National Security Guards
CORRECT     	EL_01297	Marie Osmond	Marie Osmond
CORRECT     	EL_00356	CNN	CNN
CORRECT     	EL_00357	CNN	CNN
CORRECT     	EL_00358	CNN	CNN
CORRECT     	EL_00559	ECB	European Central Bank
CORRECT     	EL_00560	ECB	European Central Bank
CORRECT     	EL_02238	Zimbabwe Congress of Trade Unions	Zimbabwe Congress of Trade Unions
CORRECT     	EL_00691	GAA	Gaelic Athletic Association
CORRECT     	EL_00692	Gaelic Athletic Association	Gaelic Athletic Association
CORRECT     	EL_01112	Leavenworth, Kansas	Leavenworth, Kansas
WRONG KB ID 	EL_02007	TNT	Turner Network Television
CORRECT     	EL_02008	TNT	Turner Network Television
CORRECT     	EL_00898	Indian Premier League	Indian Premier League
CORRECT     	EL_00899	IPL	Indian Premier League
EXP NIL     	EL_02155	VT	VT Group
CORRECT     	EL_00775	Charles Grant	Charles Grant (American football)
CORRECT     	EL_00704	Gulf Cooperation Council	Cooperation Council for the Arab States of the Gulf
CORRECT     	EL_01639	Patti Smith	Patti Smith
CORRECT     	EL_00399	Johnny Cash	Johnny Cash
CORRECT     	EL_01549	News Corp	News Corporation
CORRECT     	EL_01550	News Corp	News Corporation
CORRECT     	EL_01551	News Corp.	News Corporation
CORRECT     	EL_01552	News Corp.	News Corporation
CORRECT     	EL_01553	News Corp.	News Corporation
CORRECT     	EL_00228	Bay City, Michigan	Bay City, Michigan
CORRECT     	EL_02009	Toronto, Canada	Toronto
CORRECT     	EL_02010	Toronto, Canada	Toronto
CORRECT     	EL_02084	Toronto, Canada	Toronto
CORRECT     	EL_02085	Toronto	Toronto
CORRECT     	EL_00450	College Park	College Park, Maryland
CORRECT     	EL_00451	College Park	College Park, Maryland
EXP NIL     	EL_00038	AMI	Ami Suzuki
WRONG KB ID 	EL_01225	Ministry of Foreign Affairs	Ministry of Foreign Affairs (Republic of China)
CORRECT     	EL_01226	Ministry of Foreign Affairs	Ministry of Foreign Affairs (Republic of China)
CORRECT     	EL_01654	Peshawar, Pakistan	Peshawar
CORRECT     	EL_01655	Peshawar, Pakistan	Peshawar
CORRECT     	EL_01324	Megan McCafferty	Megan McCafferty
CORRECT     	EL_01699	Riverdale, Georgia	Riverdale, Georgia
CORRECT     	EL_00136	Alain Perrin	Alain Perrin
CORRECT     	EL_00295	Bridgewater, Massachusetts	Bridgewater, Massachusetts
WRONG KB ID 	EL_01452	NEWMARKET	Newmarket, Ontario
CORRECT     	EL_01103	Lucy Lawless	Lucy Lawless
CORRECT     	EL_01412	Craig Morton	Craig Morton
CORRECT     	EL_02102	Ty Cobb	Ty Cobb
CORRECT     	EL_00970	Thomas Jane	Thomas Jane
CORRECT     	EL_01091	Lagos, Nigeria	Lagos
CORRECT     	EL_01576	Dalton, Georgia	Dalton, Georgia
CORRECT     	EL_00467	Ann Coulter	Ann Coulter
CORRECT     	EL_00468	Ann Coulter	Ann Coulter
EXP NIL     	EL_02020	Tachira	University of the Andes, Venezuela
EXP NIL     	EL_02021	Tachira	University of the Andes, Venezuela
EXP NIL     	EL_02022	Tachira	University of the Andes, Venezuela
EXP NIL     	EL_02023	Tachira	University of the Andes, Venezuela
CORRECT     	EL_00727	Galveston, Texas	Galveston, Texas
CORRECT     	EL_00728	Galveston	Galveston, Texas
CORRECT     	EL_02055	The Football League	The Football League
CORRECT     	EL_00501	Dubuque, Iowa	Dubuque, Iowa
CORRECT     	EL_01568	North Bend, Washington	North Bend, Washington
EXP NIL     	EL_01589	Odessa	Odessa
WRONG KB ID 	EL_01219	MOC	Montenegrin Orthodox Church
CORRECT     	EL_01890	South Bend, Indiana	South Bend, Indiana
CORRECT     	EL_01891	South Bend, Indiana	South Bend, Indiana
CORRECT     	EL_02239	Zain	Zain
CORRECT     	EL_02240	Zain	Zain
CORRECT     	EL_01073	League of Polish Families	League of Polish Families
CORRECT     	EL_01074	League of Polish Families	League of Polish Families
CORRECT     	EL_01693	Richmond, Virginia	Richmond, Virginia
CORRECT     	EL_00247	Bhopal	Bhopal
CORRECT     	EL_00248	Bhopal	Bhopal
CORRECT     	EL_00249	Bhopal	Bhopal
WRONG KB ID 	EL_01087	Labour Party	Labour Party (UK)
EXP NIL     	EL_01093	Langley, Virginia	Central Intelligence Agency
WRONG KB ID 	EL_02112	United Nations	Iraq War
CORRECT     	EL_01147	Long Beach	Long Beach, California
EXP NIL     	EL_00623	FA	FA Cup
CORRECT     	EL_00972	Jane Roe	Norma McCorvey
CORRECT     	EL_00687	Fred Phelps	Fred Phelps
CORRECT     	EL_00603	Elmira, New York	Elmira, New York
WRONG KB ID 	EL_00604	Elmira, New York	Elmira, New York
CORRECT     	EL_00629	Armed Forces of Colombia	Revolutionary Armed Forces of Colombia
CORRECT     	EL_00630	Armed Forces of Colombia	Revolutionary Armed Forces of Colombia
CORRECT     	EL_00631	FARC	Revolutionary Armed Forces of Colombia
CORRECT     	EL_00054	ATK	Alliant Techsystems
WRONG KB ID 	EL_01171	Ludlow	Ludlow
CORRECT     	EL_02072	Tokushima, Japan	Tokushima, Tokushima
CORRECT     	EL_01734	Rockport, Texas	Rockport, Texas
WRONG KB ID 	EL_01344	Michigan State	Michigan State University
CORRECT     	EL_01345	Michigan State University	Michigan State University
CORRECT     	EL_01150	Lorraine	Lorraine (region)
EXP NIL     	EL_02062	Thomson	William Thomson, 1st Baron Kelvin
CORRECT     	EL_02097	Darcy Tucker	Darcy Tucker
CORRECT     	EL_01809	Sangwal	Srinagarindra
EXP NIL     	EL_01652	Persia, New York	Persia, New York
CORRECT     	EL_00807	HSUS	Humane Society of the United States
CORRECT     	EL_00148	American University	American University
CORRECT     	EL_00149	American University	American University
CORRECT     	EL_02091	Treasury department	United States Department of the Treasury
CORRECT     	EL_01926	Alex Steen	Alexander Steen
CORRECT     	EL_01607	Duluth, Georgia	Duluth, Georgia
CORRECT     	EL_00389	Canterbury, New Hampshire	Canterbury, New Hampshire
CORRECT     	EL_00562	EDINBURGH	Edinburgh
CORRECT     	EL_00563	EDINBURGH	Edinburgh
EXP NIL     	EL_00811	Hailie	Eminem
EXP NIL     	EL_00812	Hailie	Eminem
CORRECT     	EL_01577	Lynchburg, Virginia	Lynchburg, Virginia
CORRECT     	EL_01459	NFL Players Association	National Football League Players Association
CORRECT     	EL_00935	Isabela, Philippines	Isabela (province)
CORRECT     	EL_00936	Isabela, Philippines	Isabela (province)
EXP NIL     	EL_00023	ADF	Australian Defence Force
CORRECT     	EL_00719	Georgia Tech	Georgia Institute of Technology
CORRECT     	EL_00720	Georgia Tech	Georgia Institute of Technology
WRONG KB ID 	EL_00011	Abbeville, South Carolina	Abbeville County, South Carolina
CORRECT     	EL_01401	Montpelier, Vermont	Montpelier, Vermont
CORRECT     	EL_01477	Norwich Union	Norwich Union
WRONG KB ID 	EL_02094	Troy University	Troy University
CORRECT     	EL_01621	PKK	Kurdistan Workers Party
CORRECT     	EL_01622	PKK	Kurdistan Workers Party
CORRECT     	EL_01637	PSA	PSA International
CORRECT     	EL_01584	ONGC	Oil and Natural Gas Corporation
CORRECT     	EL_00776	Greencastle, Indiana	Greencastle, Indiana
CORRECT     	EL_00020	ACM	Association for Computing Machinery
EXP NIL     	EL_01612	Oregon	Oregon Trail
CORRECT     	EL_01472	Norwich, Vermont	Norwich, Vermont
EXP NIL     	EL_00612	Esmeraldas, Ecuador	Esmeraldas, Ecuador
CORRECT     	EL_00613	Esmeraldas, Ecuador	Esmeraldas, Ecuador
EXP NIL     	EL_01913	St. Joseph's	Saint Joseph
WRONG KB ID 	EL_01914	St. Joseph's	Saint Joseph
WRONG KB ID 	EL_01325	Melbourne	Melbourne
CORRECT     	EL_00230	Beijing, China	Beijing
CORRECT     	EL_00231	Beijing, China	Beijing
CORRECT     	EL_00232	Beijing, China	Beijing
WRONG KB ID 	EL_00834	Hawaii	Beijing
CORRECT     	EL_02145	Victoria, British Columbia	Victoria, British Columbia
CORRECT     	EL_02146	Victoria, British Columbia	Victoria, British Columbia
WRONG KB ID 	EL_00261	Bismarck	Otto von Bismarck
CORRECT     	EL_00532	Delaware	Delaware
CORRECT     	EL_00534	Delaware	Delaware
WRONG KB ID 	EL_00372	CTA	Chicago Transit Authority
CORRECT     	EL_00373	Chicago Transit Authority	Chicago Transit Authority
CORRECT     	EL_00598	Eliot Spitzer	Eliot Spitzer
CORRECT     	EL_00599	Eliot Spitzer	Eliot Spitzer
CORRECT     	EL_00986	Jim Cramer	Jim Cramer
WRONG KB ID 	EL_01937	Steve Smith	Journey (band)
WRONG KB ID 	EL_02144	VA	United States Department of Veterans Affairs
CORRECT     	EL_00762	Glastonbury	Glastonbury
CORRECT     	EL_02152	VR	Velvet Revolver
EXP NIL     	EL_01286	Mandeville, Arkansas	Texarkana
CORRECT     	EL_00600	Eliot	T. S. Eliot
CORRECT     	EL_00441	Cincy	Cincinnati, Ohio
CORRECT     	EL_01402	Montreal, Canada	Montreal
CORRECT     	EL_01403	Montreal, Canada	Montreal
WRONG KB ID 	EL_02206	Westport	Westport, Connecticut
EXP NIL     	EL_00415	Channel Nine	Nine Network
CORRECT     	EL_00416	Channel Nine	Nine Network
WRONG KB ID 	EL_00417	Channel Nine	Nine Network
EXP NIL     	EL_01715	Richwoods	Richwoods High School
CORRECT     	EL_02136	Upland, California	Upland, California
CORRECT     	EL_02137	Upland, California	Upland, California
EXP NIL     	EL_00814	Halhoul	Halhul
CORRECT     	EL_00990	Scarlett Johansson	Scarlett Johansson
EXP NIL     	EL_01912	St. Etienne	Saint Etienne (band)
CORRECT     	EL_00502	Duluth, Minnesota	Duluth, Minnesota
CORRECT     	EL_00858	Hulk Hogan	Hulk Hogan
WRONG KB ID 	EL_02176	WWE	Hulk Hogan
CORRECT     	EL_00353	CNBC	CNBC
CORRECT     	EL_00354	CNBC	CNBC
CORRECT     	EL_00355	CNBC	CNBC
CORRECT     	EL_00380	Cambridge, Massachusetts	Cambridge, Massachusetts
CORRECT     	EL_00381	Cambridge, Massachusetts	Cambridge, Massachusetts
WRONG KB ID 	EL_01311	Massachusetts	Cambridge, Massachusetts
CORRECT     	EL_00905	IRS	Internal Revenue Service
CORRECT     	EL_00906	Internal Revenue Service	Internal Revenue Service
CORRECT     	EL_02111	UFC	Ultimate Fighting Championship
WRONG KB ID 	EL_00287	Bosch	Robert Bosch GmbH
EXP NIL     	EL_00288	Bosch	Robert Bosch GmbH
CORRECT     	EL_00446	Clearfield, Utah	Clearfield, Utah
WRONG KB ID 	EL_00212	J. Michael Bailey	The Man Who Would Be Queen
CORRECT     	EL_01820	Sari Pul	Sar-e Pol city
WRONG KB ID 	EL_01758	Santa Clara, California	Santa Clara University
CORRECT     	EL_01299	Paul Mariner	Paul Mariner
WRONG KB ID 	EL_00724	Gainesville, Florida	University of Florida
CORRECT     	EL_00886	Santa Monica, Ca	Santa Monica, California
CORRECT     	EL_01813	Santa Monica, California	Santa Monica, California
CORRECT     	EL_01814	Santa Monica, California	Santa Monica, California
EXP NIL     	EL_00251	Bill Martin	Billy Martin
EXP NIL     	EL_00252	Bill Martin	Billy Martin
EXP NIL     	EL_00253	Bill Martin	Billy Martin
WRONG KB ID 	EL_02133	University	Minnesota State University, Mankato
CORRECT     	EL_02031	Tank Johnson	Tank Johnson
WRONG KB ID 	EL_02032	Tank	Tank Johnson
CORRECT     	EL_02033	Tank Johnson	Tank Johnson
CORRECT     	EL_02034	Tank Johnson	Tank Johnson
CORRECT     	EL_02035	Tank Johnson	Tank Johnson
CORRECT     	EL_02036	Tank Johnson	Tank Johnson
CORRECT     	EL_00492	DIA	Defense Intelligence Agency
CORRECT     	EL_00835	Hawaii	Hawaii
CORRECT     	EL_00836	Hawaii	Hawaii
CORRECT     	EL_00485	Darlington, South Carolina	Darlington, South Carolina
CORRECT     	EL_00486	Darlington, South Carolina	Darlington, South Carolina
CORRECT     	EL_00487	Darlington, South Carolina	Darlington, South Carolina
CORRECT     	EL_02070	Tivoli	Tivoli, Italy
CORRECT     	EL_02071	Tivoli, Italy	Tivoli, Italy
CORRECT     	EL_00718	Greenwich, Connecticut	Greenwich, Connecticut
CORRECT     	EL_02140	Utah	Utah
CORRECT     	EL_02141	Utah	Utah
CORRECT     	EL_01716	Riva	Luigi Riva
CORRECT     	EL_01718	Luigi Riva	Luigi Riva
CORRECT     	EL_00405	Caymans	Cayman Islands
CORRECT     	EL_00575	ESPN	ESPN
CORRECT     	EL_00490	Department of Homeland Security	United States Department of Homeland Security
CORRECT     	EL_00491	Department of Homeland Security	United States Department of Homeland Security
CORRECT     	EL_01214	Department of Homeland Security	United States Department of Homeland Security
CORRECT     	EL_00272	Kevin-Prince Boateng	Kevin-Prince Boateng
CORRECT     	EL_00237	Beloit, Wisconsin	Beloit, Wisconsin
WRONG KB ID 	EL_00989	Johannesburg, South Africa	OR Tambo International Airport
CORRECT     	EL_00715	Grand Forks, North Dakota	Grand Forks, North Dakota
CORRECT     	EL_00772	Grand Forks, North Dakota	Grand Forks, North Dakota
CORRECT     	EL_00773	Grand Forks, N.D.	Grand Forks, North Dakota
CORRECT     	EL_02203	Westmoreland, Tennessee	Westmoreland, Tennessee
WRONG KB ID 	EL_01605	Orangeville, Pennsylvania	Orangeville, Pennsylvania
WRONG KB ID 	EL_00975	Jefferson County	Jefferson County Public Schools (Kentucky)
CORRECT     	EL_00465	John Conyers	John Conyers
CORRECT     	EL_00466	John Conyers	John Conyers
CORRECT     	EL_00339	CBP	U.S. Customs and Border Protection
CORRECT     	EL_01186	Margate, New Jersey	Margate City, New Jersey
CORRECT     	EL_00268	Bloomfield, New Jersey	Bloomfield, New Jersey
CORRECT     	EL_00707	GMA 7	GMA Network
CORRECT     	EL_01624	Plano, Texas	Plano, Texas
CORRECT     	EL_01625	Plano, Texas	Plano, Texas
EXP NIL     	EL_01712	Richard Bush	Richard E. Bush
EXP NIL     	EL_01713	Richard Bush	Richard E. Bush
EXP NIL     	EL_00264	William Black	William Blake
CORRECT     	EL_00031	AKP	Justice and Development Party (Turkey)
CORRECT     	EL_00032	Development Party	Justice and Development Party (Turkey)
CORRECT     	EL_00033	AKP	Justice and Development Party (Turkey)
CORRECT     	EL_00495	DOJ	United States Department of Justice
CORRECT     	EL_00496	DOJ	United States Department of Justice
CORRECT     	EL_00497	DOJ	United States Department of Justice
CORRECT     	EL_00498	DOJ	United States Department of Justice
CORRECT     	EL_00499	DOJ	United States Department of Justice
CORRECT     	EL_01893	Southwick, Massachusetts	Southwick, Massachusetts
CORRECT     	EL_00179	Bakersfield, California	Bakersfield, California
CORRECT     	EL_00180	Bakersfield, California	Bakersfield, California
CORRECT     	EL_01805	Sylvester, Georgia	Sylvester, Georgia
CORRECT     	EL_01986	Sylvester, Georgia	Sylvester, Georgia
CORRECT     	EL_01308	Marysville, Washington	Marysville, Washington
CORRECT     	EL_01688	Pyongyang, North Korea	Pyongyang
CORRECT     	EL_01689	Pyongyang	Pyongyang
CORRECT     	EL_01528	New Bedford, Massachusetts	New Bedford, Massachusetts
CORRECT     	EL_01738	Roseville, Michigan	Roseville, Michigan
CORRECT     	EL_02135	Upland, Indiana	Upland, Indiana
CORRECT     	EL_00551	Dover, New Jersey	Dover, New Jersey
CORRECT     	EL_01673	Portugal	Portugal
CORRECT     	EL_00168	Christopher Atkins	Christopher Atkins
CORRECT     	EL_00429	Chris	Christopher Atkins
EXP NIL     	EL_01665	Pinky	Pinky (film)
EXP NIL     	EL_00884	Hyderabad	Hyderabad State
CORRECT     	EL_00731	Garden	Madison Square Garden
CORRECT     	EL_01683	Kelly Preston	Kelly Preston
EXP NIL     	EL_01610	Oregon, Wisconsin	Oregon, Wisconsin
CORRECT     	EL_01694	RIL	Reliance Industries
CORRECT     	EL_01695	RIL	Reliance Industries
CORRECT     	EL_01696	RIL	Reliance Industries
CORRECT     	EL_01697	Reliance Industries	Reliance Industries
EXP NIL     	EL_00661	Fares	Greyhound Lines
CORRECT     	EL_01644	Pavlov	Ivan Pavlov
CORRECT     	EL_01743	JD Roth	J. D. Roth
CORRECT     	EL_00799	Harbin, China	Harbin
CORRECT     	EL_01744	Eli Roth	Eli Roth
WRONG KB ID 	EL_01223	Ministry of Finance	Ministry of Finance (Singapore)
WRONG KB ID 	EL_01414	Moscow	Russia
CORRECT     	EL_00558	EADS	EADS
CORRECT     	EL_00192	BMW	BMW
CORRECT     	EL_00796	Hindustan Aeronautics Limited	Hindustan Aeronautics Limited
CORRECT     	EL_01404	Evo Morales	Evo Morales
CORRECT     	EL_01405	Evo Morales	Evo Morales
EXP NIL     	EL_02224	YCL	Young Communist League of Canada
CORRECT     	EL_00833	Havre, Montana	Havre, Montana
CORRECT     	EL_01040	Kilgore, Texas	Kilgore, Texas
CORRECT     	EL_01041	Kilgore, Texas	Kilgore, Texas
CORRECT     	EL_01042	Kilgore, Texas	Kilgore, Texas
WRONG KB ID 	EL_00059	Abbotsford, British Columbia	Abbotsford International Airport
WRONG KB ID 	EL_00060	Abbotsford, British Columbia	Abbotsford International Airport
CORRECT     	EL_00028	AGL Energy Ltd.	AGL Energy
CORRECT     	EL_01317	Scott McClain	Scott McClain
WRONG KB ID 	EL_00591	John Edwards	Edwin Edwards
CORRECT     	EL_02121	UNSC	United Nations Security Council
CORRECT     	EL_01013	KOMO	KOMO-TV
CORRECT     	EL_01014	KOMO	KOMO-TV
CORRECT     	EL_01847	Shenuda	Pope Shenouda III of Alexandria
CORRECT     	EL_01848	Shenuda	Pope Shenouda III of Alexandria
EXP NIL     	EL_01968	Sun City, South Africa	Artists United Against Apartheid
CORRECT     	EL_02187	Scott Walker	Scott Walker (politician)
CORRECT     	EL_01904	Spokane, Washington	Spokane, Washington
CORRECT     	EL_01905	Spokane, Washington	Spokane, Washington
WRONG KB ID 	EL_02040	Calin Popescu Tariceanu	Prime Minister of Romania
CORRECT     	EL_01463	NHL	National Hockey League
CORRECT     	EL_01464	NHL	National Hockey League
CORRECT     	EL_01465	NHL	National Hockey League
CORRECT     	EL_00770	Grafton, Massachusetts	Grafton, Massachusetts
CORRECT     	EL_00771	Grafton, Massachusetts	Grafton, Massachusetts
CORRECT     	EL_00730	TD Banknorth Garden	TD Banknorth Garden
WRONG KB ID 	EL_00229	Beaver Creek	Beaver Creek Resort
CORRECT     	EL_02101	Ty Wigginton	Ty Wigginton
CORRECT     	EL_00385	Naomi Campbell	Naomi Campbell
CORRECT     	EL_00388	Naomi Campbell	Naomi Campbell
EXP NIL     	EL_00404	Caulfield	Caulfield Grammar School
CORRECT     	EL_01036	Kensington, Maryland	Kensington, Maryland
CORRECT     	EL_01037	Kensington, Maryland	Kensington, Maryland
CORRECT     	EL_01841	Nawaz Sharif	Nawaz Sharif
CORRECT     	EL_01842	Nawaz Sharif	Nawaz Sharif
CORRECT     	EL_01843	Nawaz Sharif	Nawaz Sharif
EXP NIL     	EL_00052	Ashburn, Virginia	Loudoun County, Virginia
CORRECT     	EL_01051	Lafayette, Tennessee	Lafayette, Tennessee
CORRECT     	EL_01052	Lafayette, Tennessee	Lafayette, Tennessee
CORRECT     	EL_00428	Chris Chambers	Chris Chambers
CORRECT     	EL_01529	New Democracy party	New Democracy (Greece)
CORRECT     	EL_01531	New Democracy party	New Democracy (Greece)
CORRECT     	EL_01532	New Democracy party	New Democracy (Greece)
EXP NIL     	EL_02124	UPS	United Parcel Service
CORRECT     	EL_02125	UPS	United Parcel Service
WRONG KB ID 	EL_00398	Carrollton	Carrollton, Georgia
CORRECT     	EL_01331	Townsville, Australia	Townsville, Queensland
CORRECT     	EL_02088	Townsville, Australia	Townsville, Queensland
CORRECT     	EL_02089	Townsville, Australia	Townsville, Queensland
EXP NIL     	EL_01943	David Stewart	David A. Stewart
CORRECT     	EL_00484	Dalton, New Hampshire	Dalton, New Hampshire
CORRECT     	EL_01469	National Iranian Oil Company	National Iranian Oil Company
EXP NIL     	EL_01608	Oregon	Service Employees International Union
CORRECT     	EL_01080	La Union, Philippines	La Union
WRONG KB ID 	EL_00675	Forks, Washington	Twilight (2008 film)
WRONG KB ID 	EL_00676	Forks, Washington	Twilight (2008 film)
WRONG KB ID 	EL_01792	Salt Lake	Salt Lake County, Utah
CORRECT     	EL_01057	LBC TV	Lebanese Broadcasting Corporation
CORRECT     	EL_01058	LBC TV	Lebanese Broadcasting Corporation
CORRECT     	EL_00506	Damascus, Syria	Damascus
CORRECT     	EL_01944	Tony Stewart	Tony Stewart
CORRECT     	EL_01945	Tony Stewart	Tony Stewart
CORRECT     	EL_01704	Randolph, Vermont	Randolph, Vermont
CORRECT     	EL_01783	Saab	Saab Automobile
CORRECT     	EL_01784	Saab	Saab Automobile
CORRECT     	EL_00688	Freeport, Maine	Freeport, Maine
CORRECT     	EL_01795	R. A. Salvatore	R. A. Salvatore
CORRECT     	EL_01078	La Porte, Texas	La Porte, Texas
WRONG KB ID 	EL_02196	Waynesboro	Battle of Waynesboro (Georgia)
CORRECT     	EL_01672	Pontiac	Pontiac
CORRECT     	EL_01090	Lafayette, Indiana	Lafayette, Indiana
CORRECT     	EL_00170	Autonomous National University of Mexico	National Autonomous University of Mexico
CORRECT     	EL_00369	Cromwell, Connecticut	Cromwell, Connecticut
CORRECT     	EL_00370	Cromwell, Connecticut	Cromwell, Connecticut
CORRECT     	EL_01961	Stoughton, Massachusetts	Stoughton, Massachusetts
CORRECT     	EL_01962	Stoughton, Massachusetts	Stoughton, Massachusetts
CORRECT     	EL_00289	Tom Bradley	Tom Bradley (politician)
CORRECT     	EL_00656	Federal Trade Commission	Federal Trade Commission
EXP NIL     	EL_00545	DoT	Dot Branning
CORRECT     	EL_00139	Alexandria, Egypt	Alexandria
WRONG KB ID 	EL_00140	Alexandria	Alexandria
CORRECT     	EL_01721	Riverside	Riverside, California
CORRECT     	EL_02201	Wellington, New Zealand	Wellington
CORRECT     	EL_01077	La Palma, California	La Palma, California
WRONG KB ID 	EL_01151	Los Angeles.	24 (TV series)
CORRECT     	EL_02241	Zanesville, Ohio	Zanesville, Ohio
CORRECT     	EL_02242	Zanesville, Ohio	Zanesville, Ohio
CORRECT     	EL_02243	Zanesville, Ohio	Zanesville, Ohio
CORRECT     	EL_01229	Monterey, California	Monterey, California
CORRECT     	EL_01230	Monterey, California	Monterey, California
CORRECT     	EL_01231	Monterey, California	Monterey, California
CORRECT     	EL_01232	Monterey, California	Monterey, California
CORRECT     	EL_00209	Baghdad, Iraq	Baghdad
CORRECT     	EL_00210	Baghdad, Iraq	Baghdad
CORRECT     	EL_00211	Baghdad.	Baghdad
CORRECT     	EL_00893	IMDB	Internet Movie Database
CORRECT     	EL_00748	Geneva, Switzerland	Geneva
CORRECT     	EL_00749	Geneva	Geneva
CORRECT     	EL_00750	Geneva	Geneva
CORRECT     	EL_00582	Evansville, Indiana	Evansville, Indiana
CORRECT     	EL_02226	Yokohama, Japan	Yokohama
CORRECT     	EL_02227	Yokohama, Japan	Yokohama
CORRECT     	EL_02228	Yokohama, Japan	Yokohama
WRONG KB ID 	EL_01817	Sao Bernardo	Bernard of Clairvaux
CORRECT     	EL_00683	Fox	Fox News Channel
EXP NIL     	EL_00982	Jim	Treasure Island
CORRECT     	EL_01276	Malta	Malta
EXP NIL     	EL_02174	WPO	Po River
CORRECT     	EL_01295	Mannheim	Mannheim
CORRECT     	EL_01446	NDTV	NDTV
CORRECT     	EL_01447	NDTV	NDTV
CORRECT     	EL_00984	Jim Zorn	Jim Zorn
CORRECT     	EL_00937	Isabela, Puerto Rico	Isabela, Puerto Rico
CORRECT     	EL_00155	Andy Pettitte	Andy Pettitte
CORRECT     	EL_00547	Dolores, Buenos Aires	Dolores, Buenos Aires
CORRECT     	EL_01947	Stillwater, Oklahoma	Stillwater, Oklahoma
CORRECT     	EL_01948	Stillwater, Oklahoma	Stillwater, Oklahoma
CORRECT     	EL_02216	Woodbury, Minnesota	Woodbury, Minnesota
CORRECT     	EL_02217	Woodbury, Minnesota	Woodbury, Minnesota
WRONG KB ID 	EL_00093	Abudllah	Abdullah of Saudi Arabia
WRONG KB ID 	EL_00094	Abudllah	Abdullah of Saudi Arabia
EXP NIL     	EL_00151	Anand, India	Anand, Gujarat
CORRECT     	EL_00275	Nick Bollea	Nick Hogan
CORRECT     	EL_00277	Nick Bollea	Nick Hogan
CORRECT     	EL_00999	Jordan	Jordan
CORRECT     	EL_01000	Jordan	Jordan
CORRECT     	EL_01800	San Jose, Ca	San Jose, California
CORRECT     	EL_01801	San Jose, California	San Jose, California
CORRECT     	EL_01802	San Jose	San Jose, California
CORRECT     	EL_00725	Gainesville	Gainesville, Florida
CORRECT     	EL_01100	Lauren Conrad	Lauren Conrad
CORRECT     	EL_00293	Breda	Breda
CORRECT     	EL_00694	Indian Peace Keeping Force	Indian Peace Keeping Force
EXP NIL     	EL_01593	Ohio, New York	Ohio, New York
EXP NIL     	EL_01595	Ohio, New York	Ohio, New York
EXP NIL     	EL_01598	Ohio, New York	Ohio, New York
CORRECT     	EL_00390	Cape May, New Jersey	Cape May, New Jersey
CORRECT     	EL_00391	Cape May, N.J.	Cape May, New Jersey
CORRECT     	EL_01054	Lausanne, Switzerland	Lausanne
EXP NIL     	EL_00432	Chris Bentley	Christopher Bentley
EXP NIL     	EL_00433	Chris Bentley	Christopher Bentley
EXP NIL     	EL_00434	Chris Bentley	Christopher Bentley
CORRECT     	EL_00198	Bharat Sanchar Nigam Limited	Bharat Sanchar Nigam Limited
CORRECT     	EL_02096	Jyles Tucker	Jyles Tucker
CORRECT     	EL_00474	Liberation Tigers of Tamil Eelam	Liberation Tigers of Tamil Eelam
CORRECT     	EL_01075	Liberation Tigers of Tamil Eelam	Liberation Tigers of Tamil Eelam
CORRECT     	EL_02064	Tamil Tigers	Liberation Tigers of Tamil Eelam
CORRECT     	EL_00189	BGG	BoardGameGeek
CORRECT     	EL_00464	Conyers, Georgia	Conyers, Georgia
CORRECT     	EL_01966	Sturgis, Kentucky	Sturgis, Kentucky
CORRECT     	EL_00021	American Chemical Society	American Chemical Society
CORRECT     	EL_00564	European Environment Agency	European Environment Agency
CORRECT     	EL_00865	House (of Commons	House of Commons of the United Kingdom
CORRECT     	EL_00866	House (of Commons	House of Commons of the United Kingdom
CORRECT     	EL_01164	Lower House	House of Commons of the United Kingdom
CORRECT     	EL_00057	Aurora, Illinois	Aurora, Illinois
CORRECT     	EL_01992	Taunton, Massachusetts	Taunton, Massachusetts
EXP NIL     	EL_00342	CFPA	CKTG-FM
CORRECT     	EL_01030	Tommy Kelly	Tommy Kelly
CORRECT     	EL_01031	Tommy Kelly	Tommy Kelly
CORRECT     	EL_01427	Nashville, Tennessee	Nashville, Tennessee
CORRECT     	EL_00489	DHL	DHL
CORRECT     	EL_00569	DHL	DHL
CORRECT     	EL_01631	NTPC	National Thermal Power Corporation
CORRECT     	EL_01451	New Castle, Colorado	New Castle, Colorado
CORRECT     	EL_00444	Tom Clancy	Tom Clancy
CORRECT     	EL_00445	Tom Clancy	Tom Clancy
CORRECT     	EL_00607	Enfield, Connecticut	Enfield, Connecticut
WRONG KB ID 	EL_01536	New Market	IPod
CORRECT     	EL_01636	Greater Romania Party	Greater Romania Party
CORRECT     	EL_01615	Osage, Iowa	Osage, Iowa
CORRECT     	EL_00877	Huntington, New York	Huntington, New York
CORRECT     	EL_00265	Blenheim, New Zealand	Blenheim, New Zealand
CORRECT     	EL_00266	Blenheim, New Zealand	Blenheim, New Zealand
WRONG KB ID 	EL_00703	GCC	GNU Compiler Collection
WRONG KB ID 	EL_00469	Crescent City	Crescent City Connection
WRONG KB ID 	EL_00470	Crescent City	Crescent City Connection
CORRECT     	EL_01173	Lugano, Switzerland	Lugano
EXP NIL     	EL_01174	Lugano	Lugano
CORRECT     	EL_01282	Manchester, New Hampshire	Manchester, New Hampshire
CORRECT     	EL_01283	Manchester, New Hampshire	Manchester, New Hampshire
CORRECT     	EL_01318	McGovern	George McGovern
CORRECT     	EL_01320	George McGovern	George McGovern
CORRECT     	EL_01182	Manila, Philippines	Manila
CORRECT     	EL_01183	MANILA, Philippines	Manila
CORRECT     	EL_01184	Manila, Philippines	Manila
CORRECT     	EL_01045	Kirkby	Kirkby
EXP NIL     	EL_02244	Zealand	New Zealand
CORRECT     	EL_01029	Kearney, Nebraska	Kearney, Nebraska
CORRECT     	EL_01309	Massachusetts	Massachusetts
CORRECT     	EL_01310	Massachusetts	Massachusetts
CORRECT     	EL_01749	Kevin Rudd	Kevin Rudd
WRONG KB ID 	EL_00745	General Confederation of Labor	General Confederation of Labour (Argentina)
EXP NIL     	EL_02068	Tennessee Titans	2007 Tennessee Titans season
EXP NIL     	EL_02069	Titans	2007 Tennessee Titans season
EXP NIL     	EL_01092	Langley, Virginia	Langley Air Force Base
CORRECT     	EL_02175	WWE	World Wrestling Entertainment
WRONG KB ID 	EL_02177	WWF	World Wrestling Entertainment
WRONG KB ID 	EL_01666	Pittsburgh, Pennsylvania	Pittsburgh International Airport
EXP NIL     	EL_01088	Lafayette, Louisiana	Cajun Field
CORRECT     	EL_00554	Dumfries	Dumfries
WRONG KB ID 	EL_00911	ITALY	Benito Mussolini
CORRECT     	EL_01252	Montevideo, Uruguay	Montevideo
CORRECT     	EL_01400	Montevideo, Uruguay	Montevideo
CORRECT     	EL_00979	Jenna Bush	Jenna Bush
CORRECT     	EL_00980	Jenna Bush	Jenna Bush
CORRECT     	EL_00368	CPB	Communist Party of Britain
CORRECT     	EL_00543	United Nation 's Development Program	United Nations Development Programme
CORRECT     	EL_02214	Williston, Tennessee	Williston, Tennessee
WRONG KB ID 	EL_00127	Aiken	Clay Aiken
EXP NIL     	EL_00386	Mike Campbell	Mike Campbell
CORRECT     	EL_00138	Albion, Maine	Albion, Maine
CORRECT     	EL_01172	Lufthansa AG	Lufthansa
CORRECT     	EL_02143	VA	Virginia
CORRECT     	EL_00608	Enid, Oklahoma	Enid, Oklahoma
CORRECT     	EL_02173	WIPO	World Intellectual Property Organization
WRONG KB ID 	EL_00945	JFK	JFK (film)
WRONG KB ID 	EL_00946	JFK	JFK (film)
WRONG KB ID 	EL_00947	JFK	JFK (film)
WRONG KB ID 	EL_00948	JFK	JFK (film)
CORRECT     	EL_00160	Argentina	Argentina
CORRECT     	EL_00161	Argentina	Argentina
CORRECT     	EL_00162	Argentina	Argentina
CORRECT     	EL_00190	BJP	Bharatiya Janata Party
CORRECT     	EL_00191	BJP	Bharatiya Janata Party
CORRECT     	EL_01470	INS	Immigration and Naturalization Service
CORRECT     	EL_00953	Johnstown, Colorado	Johnstown, Colorado
CORRECT     	EL_02231	Yukon	Yukon
CORRECT     	EL_00327	Andrew Bynum	Andrew Bynum
CORRECT     	EL_00328	Andrew Bynum	Andrew Bynum
CORRECT     	EL_00329	Andrew Bynum	Andrew Bynum
WRONG KB ID 	EL_01246	ICC	International Criminal Court
CORRECT     	EL_00526	Defense Department	United States Department of Defense
WRONG KB ID 	EL_00527	Defense department	United States Department of Defense
CORRECT     	EL_00393	Matt Carle	Matt Carle
CORRECT     	EL_00991	John Howard	John Howard
CORRECT     	EL_00992	John Howard	John Howard
EXP NIL     	EL_01690	Queenstown	Queenstown, New Zealand
EXP NIL     	EL_01382	Missouri	Missouri Tigers
EXP NIL     	EL_02193	Wayne White	Wayne White (artist)
CORRECT     	EL_00442	City College	City College of New York
CORRECT     	EL_00443	City College	City College of New York
CORRECT     	EL_02086	Torrington, Connecticut	Torrington, Connecticut
CORRECT     	EL_02087	Torrington, Connecticut	Torrington, Connecticut
CORRECT     	EL_01561	Richard Nixon	Richard Nixon
CORRECT     	EL_01562	Richard Nixon	Richard Nixon
CORRECT     	EL_01563	President Nixon	Richard Nixon
CORRECT     	EL_01564	Nixon	Richard Nixon
CORRECT     	EL_01565	Nixon	Richard Nixon
CORRECT     	EL_01566	Nixon	Richard Nixon
CORRECT     	EL_01453	Newmarket, New Hampshire	Newmarket, New Hampshire
CORRECT     	EL_00039	ANZ	Australia and New Zealand Banking Group
CORRECT     	EL_00459	Connecticut	Connecticut
CORRECT     	EL_00460	Connecticut	Connecticut
CORRECT     	EL_00461	Connecticut	Connecticut
CORRECT     	EL_01626	PMK	Pattali Makkal Katchi
CORRECT     	EL_01349	Middlebury, Vermont	Middlebury, Vermont
CORRECT     	EL_01342	Miami Beach, Florida	Miami Beach, Florida
CORRECT     	EL_02178	Wadsworth, Ohio	Wadsworth, Ohio
WRONG KB ID 	EL_00223	Barb	Barbados
WRONG KB ID 	EL_00224	Barb	Barbados
EXP NIL     	EL_01408	Morningside Heights	Columbia University
CORRECT     	EL_02059	Third Infantry Division	3rd Infantry Division (United States)
CORRECT     	EL_02060	Third Infantry Division	3rd Infantry Division (United States)
CORRECT     	EL_00829	Harrisburg	Harrisburg, Pennsylvania
CORRECT     	EL_00830	Harrisburg, Pennsylvania	Harrisburg, Pennsylvania
CORRECT     	EL_01614	Oroville, California	Oroville, California
EXP NIL     	EL_00901	IPSCO	SSAB
CORRECT     	EL_01951	Stockton, California	Stockton, California
CORRECT     	EL_01952	Stockton, California	Stockton, California
CORRECT     	EL_00152	Ancona, Italy	Ancona
CORRECT     	EL_00153	Ancona, Italy	Ancona
CORRECT     	EL_00154	Ancona, Italy	Ancona
CORRECT     	EL_02197	Waynesboro, Georgia	Waynesboro, Georgia
CORRECT     	EL_00056	AU Optronics	AU Optronics
EXP NIL     	EL_00475	Cross	Germany
CORRECT     	EL_00682	Fox	Fox Broadcasting Company
WRONG KB ID 	EL_01572	Northfield, Minnesota	Jesse James
CORRECT     	EL_01991	TAUNTON	Taunton
CORRECT     	EL_00227	Bata, Equatorial Guinea	Bata, Equatorial Guinea
CORRECT     	EL_00172	Ayatollah Khomeini	Ruhollah Khomeini
CORRECT     	EL_00173	Ayatollah Khomeini	Ruhollah Khomeini
CORRECT     	EL_00174	Ayatollah Khomeini	Ruhollah Khomeini
CORRECT     	EL_00175	Ayatollah Khomeini	Ruhollah Khomeini
WRONG KB ID 	EL_00566	EL ALTO	Roman Catholic Diocese of El Alto
WRONG KB ID 	EL_00567	EL ALTO	Roman Catholic Diocese of El Alto
WRONG KB ID 	EL_00593	El Alto	Roman Catholic Diocese of El Alto
EXP NIL     	EL_00646	FMR Corp.	Fidelity Investments
EXP NIL     	EL_00647	FMR Corp.	Fidelity Investments
CORRECT     	EL_01047	Kosovo	Kosovo
CORRECT     	EL_01766	SEC	Southeastern Conference
WRONG KB ID 	EL_01767	SEC	Southeastern Conference
CORRECT     	EL_00717	GREENWICH	Greenwich
CORRECT     	EL_00789	Guildford	Guildford
CORRECT     	EL_02211	Williamsport	Williamsport, Pennsylvania
CORRECT     	EL_02212	Williamsport, Pennsylvania	Williamsport, Pennsylvania
CORRECT     	EL_02213	Williamsport, Pennsylvania	Williamsport, Pennsylvania
CORRECT     	EL_01415	AGRA	Agra
CORRECT     	EL_01483	Nash	Steve Nash
CORRECT     	EL_00317	Kobe Bryant	Kobe Bryant
CORRECT     	EL_00318	Kobe Bryant	Kobe Bryant
CORRECT     	EL_00319	Kobe Bryant	Kobe Bryant
CORRECT     	EL_00320	Bryant	Kobe Bryant
CORRECT     	EL_00321	Kobe Bryant	Kobe Bryant
CORRECT     	EL_00322	Kobe Bryant	Kobe Bryant
CORRECT     	EL_00256	Birmingham, Alabama	Birmingham, Alabama
CORRECT     	EL_00258	Birmingham, Alabama	Birmingham, Alabama
WRONG KB ID 	EL_00481	Daimler	Chrysler
WRONG KB ID 	EL_00482	Daimler	Chrysler
WRONG KB ID 	EL_00483	Daimler	Chrysler
CORRECT     	EL_02104	Ty Conklin	Ty Conklin
CORRECT     	EL_01585	OTS	Office of Thrift Supervision
CORRECT     	EL_01645	Payson, Arizona	Payson, Arizona
CORRECT     	EL_01629	Pakistan People 's Party	Pakistan Peoples Party
WRONG KB ID 	EL_02114	United Nations	Korean War
CORRECT     	EL_00332	Cartagena, Colombia	Cartagena, Colombia
CORRECT     	EL_00333	Cartagena, Colombia	Cartagena, Colombia
CORRECT     	EL_00334	Cartagena, Colombia	Cartagena, Colombia
CORRECT     	EL_00278	Bologna	Bologna
WRONG KB ID 	EL_00359	CO	Denver, Colorado
CORRECT     	EL_01753	SAFPU	South African Football Players Union
EXP NIL     	EL_00524	Decatur	Decatur, Georgia
CORRECT     	EL_00530	Del Rio, Texas	Del Rio, Texas
CORRECT     	EL_00531	Del Rio, Texas	Del Rio, Texas
EXP NIL     	EL_01799	San Jose, Costa Rica	Costa Rica
CORRECT     	EL_00167	Astoria	Astoria, Oregon
CORRECT     	EL_00375	CU	University of Colorado at Boulder
WRONG KB ID 	EL_01069	Democratic Party of Russia	Democratic Party of Russia
CORRECT     	EL_01777	SVT	Sveriges Television
CORRECT     	EL_01778	SVT	Sveriges Television
CORRECT     	EL_01779	SVT	Sveriges Television
EXP NIL     	EL_01574	Norwich, Ohio	Norwich, Ohio
CORRECT     	EL_01330	Salzburg, Austria	Salzburg
CORRECT     	EL_01755	SALZBURG	Salzburg
CORRECT     	EL_01756	Salzburg, Austria	Salzburg
CORRECT     	EL_01796	Salzburg	Salzburg
CORRECT     	EL_00609	Ennis, Texas	Ennis, Texas
CORRECT     	EL_01938	Steve Smith	Steve Smith (basketball)
WRONG KB ID 	EL_01939	Steve Smith	Steve Smith (basketball)
CORRECT     	EL_01039	Key West	Key West, Florida
CORRECT     	EL_00029	AIADMK	All India Anna Dravida Munnetra Kazhagam
EXP NIL     	EL_01729	Robert Anderson	Robert Anderson (Civil War)
EXP NIL     	EL_01730	Robert Anderson	Robert Anderson (Civil War)
CORRECT     	EL_01081	Labor Department	United States Department of Labor
EXP NIL     	EL_01082	Labor Department	United States Department of Labor
CORRECT     	EL_01083	Labor Department	United States Department of Labor
CORRECT     	EL_01084	Labor Department	United States Department of Labor
CORRECT     	EL_01244	Mitsubishi UFJ Financial Group	Mitsubishi UFJ Financial Group
CORRECT     	EL_01245	MUFG	Mitsubishi UFJ Financial Group
EXP NIL     	EL_01680	Flemming Poulsen	Flemming Povlsen
EXP NIL     	EL_00143	Alison	Alison Krauss
EXP NIL     	EL_00587	Ecco	HarperCollins
EXP NIL     	EL_00578	EU	European Union
CORRECT     	EL_00579	European Union	European Union
CORRECT     	EL_00580	European Union	European Union
CORRECT     	EL_00581	EU	European Union
WRONG KB ID 	EL_01675	Hans-Gert Pottering	European Union
WRONG KB ID 	EL_01677	Hans-Gert Pottering	European Union
CORRECT     	EL_01627	Port Arthur, Texas	Port Arthur, Texas
CORRECT     	EL_00183	Bureau of Alcohol , Tobacco and Firearms	Bureau of Alcohol, Tobacco, Firearms and Explosives
CORRECT     	EL_02073	Toledo, Ohio	Toledo, Ohio
CORRECT     	EL_02074	Toledo	Toledo, Ohio
CORRECT     	EL_00360	COLOGNE	Cologne
CORRECT     	EL_00361	COLOGNE	Cologne
CORRECT     	EL_00362	COLOGNE	Cologne
CORRECT     	EL_00695	Galle, Sri Lanka	Galle
CORRECT     	EL_00696	Galle, Sri Lanka	Galle
CORRECT     	EL_00697	Galle, Sri Lanka	Galle
CORRECT     	EL_00698	Galle, Sri Lanka	Galle
CORRECT     	EL_00726	Galle, Sri Lanka	Galle
CORRECT     	EL_00421	Chengdu, China	Chengdu
CORRECT     	EL_00422	Chengdu	Chengdu
CORRECT     	EL_00423	Chengdu, China	Chengdu
CORRECT     	EL_00424	Chengdu, China	Chengdu
CORRECT     	EL_01439	National Democratic Party	National Democratic Party (Egypt)
CORRECT     	EL_01440	National Democratic Party	National Democratic Party (Egypt)
CORRECT     	EL_01441	National Democratic Party	National Democratic Party (Egypt)
CORRECT     	EL_00685	George MacDonald Fraser	George MacDonald Fraser
CORRECT     	EL_01722	Roanoke, Virginia	Roanoke, Virginia
CORRECT     	EL_01723	Roanoke, Virginia	Roanoke, Virginia
CORRECT     	EL_01724	Roanoke, Virginia	Roanoke, Virginia
CORRECT     	EL_01725	Roanoke, Virginia	Roanoke, Virginia
CORRECT     	EL_00055	AU	African Union
CORRECT     	EL_01190	Maysville, Georgia	Maysville, Georgia
CORRECT     	EL_01798	San Bernardino, California	San Bernardino, California
WRONG KB ID 	EL_01096	Las Vegas	KDWN
WRONG KB ID 	EL_00165	Armagh	County Armagh
CORRECT     	EL_02180	Wales	Wales
CORRECT     	EL_02181	Wales	Wales
CORRECT     	EL_01742	Matt Roth	Matt Roth
CORRECT     	EL_00950	JNU	Jawaharlal Nehru University
CORRECT     	EL_01455	NFL	National Football League
CORRECT     	EL_01456	NFL	National Football League
CORRECT     	EL_01457	NFL	National Football League
WRONG KB ID 	EL_01462	NHL	National Football League
WRONG KB ID 	EL_00331	Carmel, Indiana	Crooked Stick Golf Club
CORRECT     	EL_01035	Kensington	Kensington
CORRECT     	EL_01546	Newburgh, New York	Newburgh (city), New York
CORRECT     	EL_01547	Newburgh, New York	Newburgh (city), New York
EXP NIL     	EL_00888	ICR	Institute for Creation Research
CORRECT     	EL_01123	Lenox, Massachusetts	Lenox, Massachusetts
CORRECT     	EL_00895	Indian Overseas Bank	Indian Overseas Bank
CORRECT     	EL_00896	Indian Overseas Bank	Indian Overseas Bank
WRONG KB ID 	EL_00394	Carmel	Carmel Jackson
EXP NIL     	EL_00196	BPN	BP
EXP NIL     	EL_01079	La Union	United States
CORRECT     	EL_00643	FIFA	FIFA
CORRECT     	EL_00644	FIFA	FIFA
CORRECT     	EL_00565	Food and Allied Workers Union	Food and Allied Workers Union
CORRECT     	EL_00632	FAWU	Food and Allied Workers Union
CORRECT     	EL_00634	Food and Allied Workers Union	Food and Allied Workers Union
CORRECT     	EL_01583	OL	Olympique Lyonnais
EXP NIL     	EL_00387	Clive Campbell	DJ Kool Herc
CORRECT     	EL_01327	Herman Melville	Herman Melville
CORRECT     	EL_00371	Congressional Research Service	Congressional Research Service
EXP NIL     	EL_01524	Nevada, Iowa	Nevada, Iowa
EXP NIL     	EL_01526	Nevada, Iowa	Nevada, Iowa
EXP NIL     	EL_01527	Nevada, Iowa	Nevada, Iowa
CORRECT     	EL_01208	MINUSTAH	United Nations Stabilization Mission in Haiti
CORRECT     	EL_01209	MINUSTAH	United Nations Stabilization Mission in Haiti
EXP NIL     	EL_01915	St. Mary's Hospital	Imperial College School of Medicine
WRONG KB ID 	EL_01018	Kano	Kano
CORRECT     	EL_01019	Kano	Kano
CORRECT     	EL_00025	ADP	Automatic Data Processing
CORRECT     	EL_00181	Bari, Italy	Bari
CORRECT     	EL_00182	Bari, Italy	Bari
CORRECT     	EL_00907	Irvine, California	Irvine, California
CORRECT     	EL_00908	Irvine, California	Irvine, California
WRONG KB ID 	EL_01060	LCI	Lethbridge Collegiate Institute
WRONG KB ID 	EL_01062	LCI	Lethbridge Collegiate Institute
WRONG KB ID 	EL_01064	LCI	Lethbridge Collegiate Institute
WRONG KB ID 	EL_01065	LCI	Lethbridge Collegiate Institute
WRONG KB ID 	EL_01066	LCI	Lethbridge Collegiate Institute
CORRECT     	EL_01760	South African Police Service	South African Police Service
CORRECT     	EL_01761	SAPS	South African Police Service
CORRECT     	EL_00790	Gujarat	Gujarat
CORRECT     	EL_00791	Gujarat, India	Gujarat
CORRECT     	EL_00792	Gujarat, India	Gujarat
CORRECT     	EL_00793	Gujarat	Gujarat
CORRECT     	EL_01819	Saqibul Hasan	Shakib Al Hasan
CORRECT     	EL_01899	Britney Spears	Britney Spears
CORRECT     	EL_01900	Spears	Britney Spears
CORRECT     	EL_01901	Britney Spears	Britney Spears
CORRECT     	EL_01902	Britney Spears	Britney Spears
WRONG KB ID 	EL_01152	Los Angeles.	Los Angeles Memorial Coliseum
CORRECT     	EL_00050	American Society of Clinical Oncology	American Society of Clinical Oncology
CORRECT     	EL_00555	Dumfries, Virginia	Dumfries, Virginia
CORRECT     	EL_02208	Will	Will Durant
CORRECT     	EL_02219	Worcester, Massachusetts	Worcester, Massachusetts
CORRECT     	EL_01996	Tehran, Iran	Tehran
CORRECT     	EL_01997	Tehran, Iran	Tehran
CORRECT     	EL_01998	Tehran, Iran	Tehran
CORRECT     	EL_01999	Tehran, Iran	Tehran
EXP NIL     	EL_00431	Chris Jackson	Mahmoud Abdul-Rauf
CORRECT     	EL_00012	ABC	American Broadcasting Company
CORRECT     	EL_00015	ABC	American Broadcasting Company
CORRECT     	EL_01411	Morristown, New Jersey	Morristown, New Jersey
WRONG KB ID 	EL_01145	Lockport	Lockport (city), New York
EXP NIL     	EL_00732	Gary Dwyer	The Teardrop Explodes
CORRECT     	EL_01249	Machinists union	International Association of Machinists and Aerospace Workers
CORRECT     	EL_01250	Machinists union	International Association of Machinists and Aerospace Workers
CORRECT     	EL_00711	GOP	Republican Party (United States)
CORRECT     	EL_00712	GOP	Republican Party (United States)
CORRECT     	EL_00713	GOP	Republican Party (United States)
EXP NIL     	EL_00885	Hyderabad	Bangalore
CORRECT     	EL_01387	Narendra Modi	Narendra Modi
CORRECT     	EL_01388	Narendra Modi	Narendra Modi
CORRECT     	EL_01389	Narendra Modi	Narendra Modi
CORRECT     	EL_01391	Narendra Modi	Narendra Modi
CORRECT     	EL_01392	Narendra Modi	Narendra Modi
CORRECT     	EL_01393	Narendra Modi	Narendra Modi
CORRECT     	EL_01850	Brad Sherman	Brad Sherman
WRONG KB ID 	EL_01044	Kingston, Pennsylvania	Kingston, Pennsylvania
CORRECT     	EL_00840	Heidi Montag	Heidi Montag
WRONG KB ID 	EL_00539	Detroit, Texas	Detroit, Texas
CORRECT     	EL_01314	Maywood, New Jersey	Maywood, New Jersey
EXP NIL     	EL_01326	Melbourne	Melbourne Football Club
CORRECT     	EL_01279	NCAA	National Collegiate Athletic Association
CORRECT     	EL_01432	NCAA	National Collegiate Athletic Association
CORRECT     	EL_00384	Glen Campbell	Glen Campbell
CORRECT     	EL_01489	TWA	Trans World Airlines
CORRECT     	EL_02014	TWA	Trans World Airlines
CORRECT     	EL_02015	TWA	Trans World Airlines
CORRECT     	EL_01070	LDPR	Liberal Democratic Party of Russia
CORRECT     	EL_01180	Manassas, Virginia	Manassas, Virginia
CORRECT     	EL_01181	Manassas, Virginia	Manassas, Virginia
CORRECT     	EL_00027	American Friends Service Committee	American Friends Service Committee
CORRECT     	EL_01731	Robert Anderson	Robert Woodruff Anderson
CORRECT     	EL_00761	Glastonbury, Connecticut	Glastonbury, Connecticut
CORRECT     	EL_00985	Jim McGreevey	Jim McGreevey
WRONG KB ID 	EL_00550	Douglas County	Douglas County, Colorado
CORRECT     	EL_02130	Utica, New York	Utica, New York
CORRECT     	EL_01517	Nazareth, Israel	Nazareth
WRONG KB ID 	EL_01233	Morgantown, West Virginia	Mountaineer Field at Milan Puskar Stadium
CORRECT     	EL_00382	Camden, Indiana	Camden, Indiana
CORRECT     	EL_00344	CHESTER	Chester
CORRECT     	EL_00777	Greencastle, Pennsylvania	Greencastle, Pennsylvania
CORRECT     	EL_01658	Philip Rivers	Philip Rivers
CORRECT     	EL_01659	Philip Rivers	Philip Rivers
CORRECT     	EL_01660	Philip Rivers	Philip Rivers
CORRECT     	EL_01661	Philip Rivers	Philip Rivers
CORRECT     	EL_01719	Philip Rivers	Philip Rivers
CORRECT     	EL_01720	Philip Rivers	Philip Rivers
CORRECT     	EL_02171	Williamsburg, Virginia	Williamsburg, Virginia
CORRECT     	EL_02172	Williamsburg, Virginia	Williamsburg, Virginia
CORRECT     	EL_00213	Billy Wayne Bailey	Billy Wayne Bailey
CORRECT     	EL_00958	Jacksonville, Florida	Jacksonville, Florida
CORRECT     	EL_00960	Jacksonville, Florida	Jacksonville, Florida
CORRECT     	EL_00774	President
CORRECT     	EL_01413	Moscow	Moscow
CORRECT     	EL_00902	IRNA	Islamic Republic News Agency
CORRECT     	EL_00903	IRNA	Islamic Republic News Agency
CORRECT     	EL_01185	Maplewood, New Jersey	Maplewood, New Jersey
CORRECT     	EL_00040	Airports of Thailand	Airports of Thailand
EXP NIL     	EL_02229	Yong Nam	Kim Yong-nam
CORRECT     	EL_01304	Marseilles	Marseille
EXP NIL     	EL_00810	Haider Ali	Hyder Ali
CORRECT     	EL_00133	Alain Bernard	Alain Bernard
CORRECT     	EL_00134	Alain Bernard	Alain Bernard
CORRECT     	EL_01670	Poland	Poland
WRONG KB ID 	EL_01671	Polish radio	Poland
CORRECT     	EL_01211	Ministry of National Defense	Ministry of National Defense (Republic of China)
CORRECT     	EL_01212	Ministry of National Defense	Ministry of National Defense (Republic of China)
CORRECT     	EL_01213	Ministry of National Defense	Ministry of National Defense (Republic of China)
CORRECT     	EL_00477	Croydon	Croydon
WRONG KB ID 	EL_00478	Croydon	Croydon
CORRECT     	EL_00479	Croydon	Croydon
CORRECT     	EL_00480	Croydon	Croydon
CORRECT     	EL_00822	Hank Williams	Hank Williams
EXP NIL     	EL_02199	Daniel Webster	Daniel Webster
CORRECT     	EL_01810	Santa Catarina	Santa Catarina (state)
CORRECT     	EL_01811	Santa Catarina	Santa Catarina (state)
CORRECT     	EL_01812	Santa Catarina	Santa Catarina (state)
CORRECT     	EL_00316	Anita Bryant	Anita Bryant
EXP NIL     	EL_01059	LCA	HAL Tejas
CORRECT     	EL_00494	DOE	United States Department of Energy
CORRECT     	EL_02016	Transport Workers Union	Transport Workers Union of America
CORRECT     	EL_02017	Transport Workers Union	Transport Workers Union of America
CORRECT     	EL_00819	Hamilton, Ontario	Hamilton, Ontario
WRONG KB ID 	EL_01305	Martinsburg, W. Va	Martinsburg (Amtrak station)
WRONG KB ID 	EL_01306	Martinsburg, W. Va	Martinsburg (Amtrak station)
CORRECT     	EL_00197	Bombay Stock Exchange	Bombay Stock Exchange
CORRECT     	EL_01740	David Lee Roth	David Lee Roth
CORRECT     	EL_01160	Louisville, Kentucky	Louisville, Kentucky
CORRECT     	EL_00447	Tom Cole	Tom Cole
CORRECT     	EL_00301	Broomfield, Colorado	Broomfield, Colorado
CORRECT     	EL_00302	Broomfield, Colorado	Broomfield, Colorado
CORRECT     	EL_00303	Broomfield, Colorado	Broomfield, Colorado
CORRECT     	EL_00304	Broomfield	Broomfield, Colorado
CORRECT     	EL_00305	Broomfield, Colorado	Broomfield, Colorado
CORRECT     	EL_01822	Savannah, Georgia	Savannah, Georgia
CORRECT     	EL_01823	Savannah	Savannah, Georgia
CORRECT     	EL_00878	Huntington, Indiana	Huntington, Indiana
CORRECT     	EL_00298	Brooke Hogan	Brooke Hogan
WRONG KB ID 	EL_00709	General Motors Corp.	General Motors
WRONG KB ID 	EL_00710	General Motors Corp	General Motors
CORRECT     	EL_00817	Hamburg	Hamburg
CORRECT     	EL_00818	Hamburg	Hamburg
CORRECT     	EL_00411	Centralia, Washington	Centralia, Washington
WRONG KB ID 	EL_01732	Rock Springs, Wyoming	Rock Springs massacre
WRONG KB ID 	EL_01733	Rock Springs, Wyoming	Rock Springs massacre
CORRECT     	EL_00044	Appleton, Wisconsin	Appleton, Wisconsin
CORRECT     	EL_00045	Appleton, Wisconsin	Appleton, Wisconsin
CORRECT     	EL_01479	Napa, California	Napa, California
CORRECT     	EL_00395	Caroline Kennedy	Caroline Kennedy
CORRECT     	EL_00396	Caroline Kennedy	Caroline Kennedy
EXP NIL     	EL_01481	Narita	Narita International Airport
CORRECT     	EL_01788	Salem, Oregon	Salem, Oregon
CORRECT     	EL_01012	KLM	KLM
CORRECT     	EL_01942	Jon Stewart	Jon Stewart
CORRECT     	EL_01946	Jon Stewart	Jon Stewart
EXP NIL     	EL_01911	St. Etienne	Gelson Fernandes
CORRECT     	EL_01557	Nigeria	Nigeria
CORRECT     	EL_01558	Nigeria	Nigeria
CORRECT     	EL_00590	Donnie Edwards	Donnie Edwards
CORRECT     	EL_00185	Bedford, Indiana	Bedford, Indiana
EXP NIL     	EL_01269	Mainichi newspaper	Mainichi Shimbun
CORRECT     	EL_01270	Mainichi newspaper	Mainichi Shimbun
CORRECT     	EL_01271	Mainichi newspaper	Mainichi Shimbun
CORRECT     	EL_01067	Liberal Democratic Party	Liberal Democratic Party (Japan)
CORRECT     	EL_00201	BUSH	George W. Bush
CORRECT     	EL_00202	BUSH	George W. Bush
WRONG KB ID 	EL_02204	Westport, New York	Westport, New York
WRONG KB ID 	EL_02205	Westport, New York	Westport, New York
CORRECT     	EL_02209	Will	William Shakespeare
CORRECT     	EL_01099	Latium	Lazio
CORRECT     	EL_01774	Shanghai Stock Exchange	Shanghai Stock Exchange
